frame_idx,time_sec,detected,det_x1,det_y1,det_x2,det_y2,det_cx,det_cy,track_cx,track_cy,track_vx,track_vy,confidence,missing_count,note
0,0.0,0,,,,,,,,,,,1.0,0,uninitialised
1,0.04,0,,,,,,,,,,,1.0,0,uninitialised
2,0.08,0,,,,,,,,,,,1.0,0,uninitialised
3,0.12,0,,,,,,,,,,,1.0,0,uninitialised
4,0.16,0,,,,,,,,,,,1.0,0,uninitialised
5,0.2,0,,,,,,,,,,,1.0,0,uninitialised
6,0.24,0,,,,,,,,,,,1.0,0,uninitialised
7,0.28,0,,,,,,,,,,,1.0,0,uninitialised
8,0.32,0,,,,,,,,,,,1.0,0,uninitialised
9,0.36,0,,,,,,,,,,,1.0,0,uninitialised
10,0.4,0,,,,,,,,,,,1.0,0,uninitialised
11,0.44,0,,,,,,,,,,,1.0,0,uninitialised
12,0.48,0,,,,,,,,,,,1.0,0,uninitialised
13,0.52,0,,,,,,,,,,,1.0,0,uninitialised
14,0.56,0,,,,,,,,,,,1.0,0,uninitialised
15,0.6,0,,,,,,,,,,,1.0,0,uninitialised
16,0.64,0,,,,,,,,,,,1.0,0,uninitialised
17,0.68,0,,,,,,,,,,,1.0,0,uninitialised
18,0.72,0,,,,,,,,,,,1.0,0,uninitialised
19,0.76,0,,,,,,,,,,,1.0,0,uninitialised
20,0.8,0,,,,,,,,,,,1.0,0,uninitialised
21,0.84,0,,,,,,,,,,,1.0,0,uninitialised
22,0.88,0,,,,,,,,,,,1.0,0,uninitialised
23,0.92,0,,,,,,,,,,,1.0,0,uninitialised
24,0.96,0,,,,,,,,,,,1.0,0,uninitialised
25,1.0,0,,,,,,,,,,,1.0,0,uninitialised
26,1.04,0,,,,,,,,,,,1.0,0,uninitialised
27,1.08,0,,,,,,,,,,,1.0,0,uninitialised
28,1.12,0,,,,,,,,,,,1.0,0,uninitialised
29,1.16,0,,,,,,,,,,,1.0,0,uninitialised
30,1.2,0,,,,,,,,,,,1.0,0,uninitialised
31,1.24,0,,,,,,,,,,,1.0,0,uninitialised
32,1.28,0,,,,,,,,,,,1.0,0,uninitialised
33,1.32,0,,,,,,,,,,,1.0,0,uninitialised
34,1.36,0,,,,,,,,,,,1.0,0,uninitialised
35,1.4,0,,,,,,,,,,,1.0,0,uninitialised
36,1.44,0,,,,,,,,,,,1.0,0,uninitialised
37,1.48,0,,,,,,,,,,,1.0,0,uninitialised
38,1.52,0,,,,,,,,,,,1.0,0,uninitialised
39,1.56,0,,,,,,,,,,,1.0,0,uninitialised
40,1.6,0,,,,,,,,,,,1.0,0,uninitialised
41,1.64,0,,,,,,,,,,,1.0,0,uninitialised
42,1.68,0,,,,,,,,,,,1.0,0,uninitialised
43,1.72,0,,,,,,,,,,,1.0,0,uninitialised
44,1.76,0,,,,,,,,,,,1.0,0,uninitialised
45,1.8,0,,,,,,,,,,,1.0,0,uninitialised
46,1.84,0,,,,,,,,,,,1.0,0,uninitialised
47,1.88,0,,,,,,,,,,,1.0,0,uninitialised
48,1.92,0,,,,,,,,,,,1.0,0,uninitialised
49,1.96,0,,,,,,,,,,,1.0,0,uninitialised
50,2.0,0,,,,,,,,,,,1.0,0,uninitialised
51,2.04,0,,,,,,,,,,,1.0,0,uninitialised
52,2.08,0,,,,,,,,,,,1.0,0,uninitialised
53,2.12,0,,,,,,,,,,,1.0,0,uninitialised
54,2.16,0,,,,,,,,,,,1.0,0,uninitialised
55,2.2,0,,,,,,,,,,,1.0,0,uninitialised
56,2.24,0,,,,,,,,,,,1.0,0,uninitialised
57,2.28,0,,,,,,,,,,,1.0,0,uninitialised
58,2.32,0,,,,,,,,,,,1.0,0,uninitialised
59,2.36,0,,,,,,,,,,,1.0,0,uninitialised
60,2.4,0,,,,,,,,,,,1.0,0,uninitialised
61,2.44,0,,,,,,,,,,,1.0,0,uninitialised
62,2.48,0,,,,,,,,,,,1.0,0,uninitialised
63,2.52,0,,,,,,,,,,,1.0,0,uninitialised
64,2.56,0,,,,,,,,,,,1.0,0,uninitialised
65,2.6,0,,,,,,,,,,,1.0,0,uninitialised
66,2.64,0,,,,,,,,,,,1.0,0,uninitialised
67,2.68,0,,,,,,,,,,,1.0,0,uninitialised
68,2.72,0,,,,,,,,,,,1.0,0,uninitialised
69,2.76,0,,,,,,,,,,,1.0,0,uninitialised
70,2.8,0,,,,,,,,,,,1.0,0,uninitialised
71,2.84,0,,,,,,,,,,,1.0,0,uninitialised
72,2.88,0,,,,,,,,,,,1.0,0,uninitialised
73,2.92,0,,,,,,,,,,,1.0,0,uninitialised
74,2.96,0,,,,,,,,,,,1.0,0,uninitialised
75,3.0,0,,,,,,,,,,,1.0,0,uninitialised
76,3.04,0,,,,,,,,,,,1.0,0,uninitialised
77,3.08,0,,,,,,,,,,,1.0,0,uninitialised
78,3.12,0,,,,,,,,,,,1.0,0,uninitialised
79,3.16,0,,,,,,,,,,,1.0,0,uninitialised
80,3.2,0,,,,,,,,,,,1.0,0,uninitialised
81,3.24,0,,,,,,,,,,,1.0,0,uninitialised
82,3.28,0,,,,,,,,,,,1.0,0,uninitialised
83,3.32,0,,,,,,,,,,,1.0,0,uninitialised
84,3.36,0,,,,,,,,,,,1.0,0,uninitialised
85,3.4,0,,,,,,,,,,,1.0,0,uninitialised
86,3.44,0,,,,,,,,,,,1.0,0,uninitialised
87,3.48,0,,,,,,,,,,,1.0,0,uninitialised
88,3.52,0,,,,,,,,,,,1.0,0,uninitialised
89,3.56,0,,,,,,,,,,,1.0,0,uninitialised
90,3.6,0,,,,,,,,,,,1.0,0,uninitialised
91,3.64,0,,,,,,,,,,,1.0,0,uninitialised
92,3.68,0,,,,,,,,,,,1.0,0,uninitialised
93,3.72,0,,,,,,,,,,,1.0,0,uninitialised
94,3.76,0,,,,,,,,,,,1.0,0,uninitialised
95,3.8,0,,,,,,,,,,,1.0,0,uninitialised
96,3.84,0,,,,,,,,,,,1.0,0,uninitialised
97,3.88,0,,,,,,,,,,,1.0,0,uninitialised
98,3.92,0,,,,,,,,,,,1.0,0,uninitialised
99,3.96,0,,,,,,,,,,,1.0,0,uninitialised
100,4.0,0,,,,,,,,,,,1.0,0,uninitialised
101,4.04,0,,,,,,,,,,,1.0,0,uninitialised
102,4.08,0,,,,,,,,,,,1.0,0,uninitialised
103,4.12,0,,,,,,,,,,,1.0,0,uninitialised
104,4.16,0,,,,,,,,,,,1.0,0,uninitialised
105,4.2,0,,,,,,,,,,,1.0,0,uninitialised
106,4.24,0,,,,,,,,,,,1.0,0,uninitialised
107,4.28,0,,,,,,,,,,,1.0,0,uninitialised
108,4.32,0,,,,,,,,,,,1.0,0,uninitialised
109,4.36,0,,,,,,,,,,,1.0,0,uninitialised
110,4.4,0,,,,,,,,,,,1.0,0,uninitialised
111,4.44,0,,,,,,,,,,,1.0,0,uninitialised
112,4.48,0,,,,,,,,,,,1.0,0,uninitialised
113,4.52,0,,,,,,,,,,,1.0,0,uninitialised
114,4.56,0,,,,,,,,,,,1.0,0,uninitialised
115,4.6,0,,,,,,,,,,,1.0,0,uninitialised
116,4.64,0,,,,,,,,,,,1.0,0,uninitialised
117,4.68,0,,,,,,,,,,,1.0,0,uninitialised
118,4.72,0,,,,,,,,,,,1.0,0,uninitialised
119,4.76,0,,,,,,,,,,,1.0,0,uninitialised
120,4.8,0,,,,,,,,,,,1.0,0,uninitialised
121,4.84,0,,,,,,,,,,,1.0,0,uninitialised
122,4.88,0,,,,,,,,,,,1.0,0,uninitialised
123,4.92,0,,,,,,,,,,,1.0,0,uninitialised
124,4.96,0,,,,,,,,,,,1.0,0,uninitialised
125,5.0,0,,,,,,,,,,,1.0,0,uninitialised
126,5.04,0,,,,,,,,,,,1.0,0,uninitialised
127,5.08,0,,,,,,,,,,,1.0,0,uninitialised
128,5.12,0,,,,,,,,,,,1.0,0,uninitialised
129,5.16,0,,,,,,,,,,,1.0,0,uninitialised
130,5.2,0,,,,,,,,,,,1.0,0,uninitialised
131,5.24,0,,,,,,,,,,,1.0,0,uninitialised
132,5.28,0,,,,,,,,,,,1.0,0,uninitialised
133,5.32,0,,,,,,,,,,,1.0,0,uninitialised
134,5.36,0,,,,,,,,,,,1.0,0,uninitialised
135,5.4,0,,,,,,,,,,,1.0,0,uninitialised
136,5.44,0,,,,,,,,,,,1.0,0,uninitialised
137,5.48,0,,,,,,,,,,,1.0,0,uninitialised
138,5.52,0,,,,,,,,,,,1.0,0,uninitialised
139,5.56,0,,,,,,,,,,,1.0,0,uninitialised
140,5.6,0,,,,,,,,,,,1.0,0,uninitialised
141,5.64,0,,,,,,,,,,,1.0,0,uninitialised
142,5.68,0,,,,,,,,,,,1.0,0,uninitialised
143,5.72,0,,,,,,,,,,,1.0,0,uninitialised
144,5.76,0,,,,,,,,,,,1.0,0,uninitialised
145,5.8,0,,,,,,,,,,,1.0,0,uninitialised
146,5.84,0,,,,,,,,,,,1.0,0,uninitialised
147,5.88,0,,,,,,,,,,,1.0,0,uninitialised
148,5.92,0,,,,,,,,,,,1.0,0,uninitialised
149,5.96,0,,,,,,,,,,,1.0,0,uninitialised
150,6.0,0,,,,,,,,,,,1.0,0,uninitialised
151,6.04,0,,,,,,,,,,,1.0,0,uninitialised
152,6.08,0,,,,,,,,,,,1.0,0,uninitialised
153,6.12,0,,,,,,,,,,,1.0,0,uninitialised
154,6.16,0,,,,,,,,,,,1.0,0,uninitialised
155,6.2,0,,,,,,,,,,,1.0,0,uninitialised
156,6.24,0,,,,,,,,,,,1.0,0,uninitialised
157,6.28,0,,,,,,,,,,,1.0,0,uninitialised
158,6.32,0,,,,,,,,,,,1.0,0,uninitialised
159,6.36,0,,,,,,,,,,,1.0,0,uninitialised
160,6.4,0,,,,,,,,,,,1.0,0,uninitialised
161,6.44,0,,,,,,,,,,,1.0,0,uninitialised
162,6.48,0,,,,,,,,,,,1.0,0,uninitialised
163,6.52,0,,,,,,,,,,,1.0,0,uninitialised
164,6.56,0,,,,,,,,,,,1.0,0,uninitialised
165,6.6,0,,,,,,,,,,,1.0,0,uninitialised
166,6.64,0,,,,,,,,,,,1.0,0,uninitialised
167,6.68,0,,,,,,,,,,,1.0,0,uninitialised
168,6.72,0,,,,,,,,,,,1.0,0,uninitialised
169,6.76,0,,,,,,,,,,,1.0,0,uninitialised
170,6.8,0,,,,,,,,,,,1.0,0,uninitialised
171,6.84,0,,,,,,,,,,,1.0,0,uninitialised
172,6.88,0,,,,,,,,,,,1.0,0,uninitialised
173,6.92,0,,,,,,,,,,,1.0,0,uninitialised
174,6.96,0,,,,,,,,,,,1.0,0,uninitialised
175,7.0,0,,,,,,,,,,,1.0,0,uninitialised
176,7.04,0,,,,,,,,,,,1.0,0,uninitialised
177,7.08,0,,,,,,,,,,,1.0,0,uninitialised
178,7.12,0,,,,,,,,,,,1.0,0,uninitialised
179,7.16,0,,,,,,,,,,,1.0,0,uninitialised
180,7.2,0,,,,,,,,,,,1.0,0,uninitialised
181,7.24,0,,,,,,,,,,,1.0,0,uninitialised
182,7.28,0,,,,,,,,,,,1.0,0,uninitialised
183,7.32,0,,,,,,,,,,,1.0,0,uninitialised
184,7.36,0,,,,,,,,,,,1.0,0,uninitialised
185,7.4,0,,,,,,,,,,,1.0,0,uninitialised
186,7.44,0,,,,,,,,,,,1.0,0,uninitialised
187,7.48,0,,,,,,,,,,,1.0,0,uninitialised
188,7.52,0,,,,,,,,,,,1.0,0,uninitialised
189,7.56,0,,,,,,,,,,,1.0,0,uninitialised
190,7.6,0,,,,,,,,,,,1.0,0,uninitialised
191,7.64,0,,,,,,,,,,,1.0,0,uninitialised
192,7.68,0,,,,,,,,,,,1.0,0,uninitialised
193,7.72,0,,,,,,,,,,,1.0,0,uninitialised
194,7.76,0,,,,,,,,,,,1.0,0,uninitialised
195,7.8,0,,,,,,,,,,,1.0,0,uninitialised
196,7.84,0,,,,,,,,,,,1.0,0,uninitialised
197,7.88,0,,,,,,,,,,,1.0,0,uninitialised
198,7.92,0,,,,,,,,,,,1.0,0,uninitialised
199,7.96,0,,,,,,,,,,,1.0,0,uninitialised
200,8.0,0,,,,,,,,,,,1.0,0,uninitialised
201,8.04,0,,,,,,,,,,,1.0,0,uninitialised
202,8.08,0,,,,,,,,,,,1.0,0,uninitialised
203,8.12,0,,,,,,,,,,,1.0,0,uninitialised
204,8.16,0,,,,,,,,,,,1.0,0,uninitialised
205,8.2,0,,,,,,,,,,,1.0,0,uninitialised
206,8.24,0,,,,,,,,,,,1.0,0,uninitialised
207,8.28,0,,,,,,,,,,,1.0,0,uninitialised
208,8.32,0,,,,,,,,,,,1.0,0,uninitialised
209,8.36,0,,,,,,,,,,,1.0,0,uninitialised
210,8.4,0,,,,,,,,,,,1.0,0,uninitialised
211,8.44,0,,,,,,,,,,,1.0,0,uninitialised
212,8.48,0,,,,,,,,,,,1.0,0,uninitialised
213,8.52,0,,,,,,,,,,,1.0,0,uninitialised
214,8.56,0,,,,,,,,,,,1.0,0,uninitialised
215,8.6,0,,,,,,,,,,,1.0,0,uninitialised
216,8.64,0,,,,,,,,,,,1.0,0,uninitialised
217,8.68,0,,,,,,,,,,,1.0,0,uninitialised
218,8.72,0,,,,,,,,,,,1.0,0,uninitialised
219,8.76,0,,,,,,,,,,,1.0,0,uninitialised
220,8.8,0,,,,,,,,,,,1.0,0,uninitialised
221,8.84,0,,,,,,,,,,,1.0,0,uninitialised
222,8.88,0,,,,,,,,,,,1.0,0,uninitialised
223,8.92,0,,,,,,,,,,,1.0,0,uninitialised
224,8.96,0,,,,,,,,,,,1.0,0,uninitialised
225,9.0,0,,,,,,,,,,,1.0,0,uninitialised
226,9.04,0,,,,,,,,,,,1.0,0,uninitialised
227,9.08,0,,,,,,,,,,,1.0,0,uninitialised
228,9.12,0,,,,,,,,,,,1.0,0,uninitialised
229,9.16,0,,,,,,,,,,,1.0,0,uninitialised
230,9.2,0,,,,,,,,,,,1.0,0,uninitialised
231,9.24,0,,,,,,,,,,,1.0,0,uninitialised
232,9.28,0,,,,,,,,,,,1.0,0,uninitialised
233,9.32,0,,,,,,,,,,,1.0,0,uninitialised
234,9.36,0,,,,,,,,,,,1.0,0,uninitialised
235,9.4,0,,,,,,,,,,,1.0,0,uninitialised
236,9.44,0,,,,,,,,,,,1.0,0,uninitialised
237,9.48,0,,,,,,,,,,,1.0,0,uninitialised
238,9.52,0,,,,,,,,,,,1.0,0,uninitialised
239,9.56,0,,,,,,,,,,,1.0,0,uninitialised
240,9.6,0,,,,,,,,,,,1.0,0,uninitialised
241,9.64,0,,,,,,,,,,,1.0,0,uninitialised
242,9.68,0,,,,,,,,,,,1.0,0,uninitialised
243,9.72,0,,,,,,,,,,,1.0,0,uninitialised
244,9.76,0,,,,,,,,,,,1.0,0,uninitialised
245,9.8,0,,,,,,,,,,,1.0,0,uninitialised
246,9.84,0,,,,,,,,,,,1.0,0,uninitialised
247,9.88,0,,,,,,,,,,,1.0,0,uninitialised
248,9.92,0,,,,,,,,,,,1.0,0,uninitialised
249,9.96,0,,,,,,,,,,,1.0,0,uninitialised
